{
  "version": 1,
  "author": "Aziz Arif Rizaldi",
  "editor": "wokwi",
  "parts": [
    { "type": "wokwi-arduino-uno", "id": "uno", "top": 58.2, "left": -77.4, "attrs": {} },
    {
      "type": "wokwi-lcd1602",
      "id": "lcd1",
      "top": 54.4,
      "left": 226.4,
      "attrs": { "pins": "i2c" }
    }
  ],
  "connections": [
    [ "uno:5V", "lcd1:VCC", "red", [ "v28.7", "h128.6", "v-172.8" ] ],
    [ "uno:GND.2", "lcd1:GND", "black", [ "v19.1", "h109.5", "v-172.8" ] ],
    [ "uno:A5.2", "lcd1:SCL", "green", [ "v-19.2", "h211.2", "v67.2" ] ],
    [ "uno:A4.2", "lcd1:SDA", "green", [ "v-28.8", "h191.6", "v67.2" ] ]
  ],
  "dependencies": {}
}